Start Time (Seconds),End Time (Seconds),Duration (Seconds),Component,Energy Consumption (Joule)
0,113.218,113.218,screen dark,0.04831012060000001
0,113.218,113.218,wifi running,0.04831012060000001
0.0,1.0318820000102278,1.0318820000102278,core 0 cpu_idle start,0.00044030404940436426
0.0,0.8623640000005253,0.8623640000005253,core 1 cpu_idle start,0.0003679707188002242
0.0,0.005096000008052215,0.005096000008052215,core 2 cpu_idle start,2.1744632034358803e-06
0.0,0.012134000018704683,0.012134000018704683,core 3 cpu_idle start,5.177577807981289e-06
0.0,0.0037090000114403665,0.0037090000114403665,core 4 cpu_idle start,1.5826303048816047e-06
0.0,0.0037090000114403665,0.0037090000114403665,core 5 cpu_idle start,1.5826303048816047e-06
0.0,0.00014100002590566874,0.00014100002590566874,core 6 cpu_idle start,6.016471105394886e-08
0.0,0.000818000000435859,0.000818000000435859,core 7 cpu_idle start,3.490406001859811e-07
