Start Time (Seconds),End Time (Seconds),Duration (Seconds),Component,Energy Consumption (Joule)
0,112.11699999999999,112.11699999999999,screen dark,28.245635809999996
0,112.11699999999999,112.11699999999999,wifi running,0.20585802369999995
0.0,7.521383999963291,7.521383999963291,core 0 cpu_idle start,0.6423261935968649
0.0,7.517812999954913,7.517812999954913,core 1 cpu_idle start,0.6420212301961494
0.0,7.517170999955852,7.517170999955852,core 2 cpu_idle start,0.6419664033962297
0.0,7.51952299993718,7.51952299993718,core 3 cpu_idle start,0.6421672641946351
0.0,7.696519999939483,7.696519999939483,core 4 cpu_idle start,0.6572828079948317
7.696519999939483,7.699208999983966,0.0026890000444836915,core 4 cpu_frequency,0.00022964060379890723
0.0,7.696534999937285,7.696534999937285,core 5 cpu_idle start,0.6572840889946441
7.696534999937285,7.698874999943655,0.0023400000063702464,core 5 cpu_frequency,0.00019983600054401902
0.0,7.526449999946635,7.526449999946635,core 6 cpu_idle start,0.6427588299954425
7.526449999946635,7.696537999960128,0.170088000013493,core 6 cpu_idle,0.0145255152011523
7.696537999960128,7.698274999973364,0.0017370000132359564,core 6 cpu_frequency,0.00014833980113035066
0.0,7.696540999982972,7.696540999982972,core 7 cpu_idle start,0.6572846013985457
7.696540999982972,7.697029999981169,0.0004889999981969595,core 7 cpu_frequency,4.1760599846020335e-05
