Start Time (Seconds),End Time (Seconds),Duration (Seconds),Component,Energy Consumption (Joule)
0,112.554,112.554,screen dark,28.362369905999998
0,112.554,112.554,wifi running,0.20670879762
0.0,7.060901999997441,7.060901999997441,core 0 cpu_idle start,0.6031422488397814
0.0,7.583710000035353,7.583710000035353,core 1 cpu_idle start,0.6478005082030198
0.0,7.060851000016555,7.060851000016555,core 2 cpu_idle start,0.6031378924214141
0.0,7.0610750000341795,7.0610750000341795,core 3 cpu_idle start,0.6031570265029196
0.0,7.089066000015009,7.089066000015009,core 4 cpu_idle start,0.6055480177212821
7.089066000015009,7.185531000024639,0.09646500000962988,core 4 cpu_idle,0.008240040300822584
7.185531000024639,7.186672999989241,0.0011419999646022916,core 4 cpu_frequency,9.754963697632775e-05
7.186672999989241,70.41182300000219,63.225150000012945,core 4 cpu_idle,5.400692313001105
70.41182300000219,70.41251200000988,0.0006890000076964498,core 4 cpu_frequency,5.8854380657430736e-05
0.0,7.119516000035219,7.119516000035219,core 5 cpu_idle start,0.6081490567230083
7.119516000035219,7.18554800003767,0.06603200000245124,core 5 cpu_idle,0.005640453440209385
7.18554800003767,7.1903020000318065,0.004753999994136393,core 5 cpu_frequency,0.0004060866794991307
7.1903020000318065,70.41184800001793,63.22154599998612,core 5 cpu_idle,5.400384459318814
70.41184800001793,70.41242300003069,0.0005750000127591193,core 5 cpu_frequency,4.9116501089883964e-05
0.0,7.1855520000099204,7.1855520000099204,core 6 cpu_idle start,0.6137898518408473
7.1855520000099204,7.187360999989323,0.00180899997940287,core 6 cpu_frequency,0.00015452477824059313
7.187360999989323,70.41185199999018,63.22449100000085,core 6 cpu_idle,5.400636021220072
70.41185199999018,70.4121210000012,0.0002690000110305846,core 6 cpu_frequency,2.2977980942232533e-05
0.0,7.185555000032764,7.185555000032764,core 7 cpu_idle start,0.6137901081027987
7.185555000032764,7.186172000016086,0.0006169999833218753,core 7 cpu_frequency,5.270413857535459e-05
7.186172000016086,70.41185500001302,63.225682999996934,core 7 cpu_idle,5.400737841859738
70.41185500001302,70.41210400004638,0.0002490000333636999,core 7 cpu_frequency,2.1269582849927247e-05
