Start Time (Seconds),End Time (Seconds),Duration (Seconds),Component,Energy Consumption (Joule)
0,112.225,112.225,screen dark,28.259601699999997
0,112.225,112.225,wifi running,0.205959809
0.0,7.494227000046521,7.494227000046521,core 0 cpu_idle start,0.639707216723971
0.0,7.065794000052847,7.065794000052847,core 1 cpu_idle start,0.603136175844511
0.0,7.033162000006996,7.033162000006996,core 2 cpu_idle start,0.6003507083205971
0.0,7.032974000030663,7.032974000030663,core 3 cpu_idle start,0.6003346606426173
0.0,7.161093000031542,7.161093000031542,core 4 cpu_idle start,0.6112708984826923
7.161093000031542,7.161378000047989,0.00028500001644715667,core 4 cpu_idle,2.432760140392929e-05
7.161378000047989,7.166217000049073,0.0048390000010840595,core 4 cpu_frequency,0.0004130570400925353
7.166217000049073,28.385996000026353,21.21977899997728,core 4 cpu_idle,1.8113203354380605
28.385996000026353,28.386586000036914,0.000590000010561198,core 4 cpu_frequency,5.036240090150386e-05
0.0,7.161258000007365,7.161258000007365,core 5 cpu_idle start,0.6112849828806286
7.161258000007365,7.161396000010427,0.00013800000306218863,core 5 cpu_idle,1.177968026138842e-05
7.161396000010427,7.164011000015307,0.0026150000048801303,core 5 cpu_frequency,0.0002232164004165679
7.164011000015307,28.38601800001925,21.22200700000394,core 5 cpu_idle,1.8115105175203363
28.38601800001925,28.38706000003731,0.0010420000180602074,core 5 cpu_frequency,8.89451215416193e-05
0.0,7.161400000040885,7.161400000040885,core 6 cpu_idle start,0.6112971040034899
7.161400000040885,7.163319000042975,0.0019190000020898879,core 6 cpu_frequency,0.0001638058401783928
7.163319000042975,28.386022000049707,21.22270300000673,core 6 cpu_idle,1.8115699280805744
28.386022000049707,28.386657000053674,0.0006350000039674342,core 6 cpu_frequency,5.4203600338660175e-05
0.0,7.161402000056114,7.161402000056114,core 7 cpu_idle start,0.6112972747247898
7.161402000056114,7.161990000051446,0.0005879999953322113,core 7 cpu_frequency,5.0191679601557546e-05
7.161990000051446,28.386025000014342,21.224034999962896,core 7 cpu_idle,1.8116836275968327
28.386025000014342,28.386519000050612,0.0004940000362694263,core 7 cpu_frequency,4.2167843095958225e-05
