Start Time (Seconds),End Time (Seconds),Duration (Seconds),Component,Energy Consumption (Joule)
0,113.842,113.842,screen dark,0.04857638140000001
0,113.842,113.842,wifi running,0.04857638140000001
15.624,31.435,15.810999999999998,audio,0.0067465537
0.0,1.1376700000255369,1.1376700000255369,core 0 cpu_idle start,0.00048544378901089666
0.0,0.015614000032655895,0.015614000032655895,core 1 cpu_idle start,6.662493813934271e-06
0.0,0.020450000010896474,0.020450000010896474,core 2 cpu_idle start,8.726015004649527e-06
0.0,0.0002380000369157642,0.0002380000369157642,core 3 cpu_idle start,1.015546157519566e-07
0.0,0.0026340000331401825,0.0026340000331401825,core 4 cpu_idle start,1.123927814140916e-06
0.0,0.0014900000242050737,0.0014900000242050737,core 5 cpu_idle start,6.357830103283051e-07
0.0,0.00042600001324899495,0.00042600001324899495,core 6 cpu_idle start,1.8177420565334618e-07
0.0,0.004191000014543533,0.004191000014543533,core 7 cpu_idle start,1.788299706205726e-06
