Start Time (Seconds),End Time (Seconds),Duration (Seconds),Component,Energy Consumption (Joule)
0,113.131,113.131,screen dark,0.04827299770000001
0,113.131,113.131,wifi running,0.04827299770000001
0.0,0.002634000004036352,0.002634000004036352,core 0 cpu_idle start,1.1239278017223117e-06
0.0,0.09271599998464808,0.09271599998464808,core 1 cpu_idle start,3.956191719344934e-05
0.0,0.012992000003578141,0.012992000003578141,core 2 cpu_idle start,5.543686401526794e-06
0.0,0.0032219999993685633,0.0032219999993685633,core 3 cpu_idle start,1.3748273997305663e-06
0.0,0.005667999997967854,0.005667999997967854,core 4 cpu_idle start,2.4185355991328837e-06
0.0,0.0003679999790620059,0.0003679999790620059,core 5 cpu_idle start,1.5702559106575794e-07
0.0,0.00010000000474974513,0.00010000000474974513,core 6 cpu_idle start,4.267000202671625e-08
0.0,0.015606999979354441,0.015606999979354441,core 7 cpu_idle start,6.659506891190541e-06
