Start Time (Seconds),End Time (Seconds),Duration (Seconds),Component,Energy Consumption (Joule)
0,114.36500000000001,114.36500000000001,screen dark,0.048845291500000006
0,114.36500000000001,114.36500000000001,wifi running,0.048845291500000006
0.0,0.11192500000470318,0.11192500000470318,core 0 cpu_idle start,4.780316750200873e-05
0.0,0.19662800000514835,0.19662800000514835,core 1 cpu_idle start,8.397981880219887e-05
0.0,0.00041599999531172216,0.00041599999531172216,core 2 cpu_idle start,1.7767359799763654e-07
0.0,0.0006129999819677323,0.0006129999819677323,core 3 cpu_idle start,2.618122922984185e-07
0.0,0.01724899999680929,0.01724899999680929,core 4 cpu_idle start,7.367047898637248e-06
0.0,0.0003009999927598983,0.0003009999927598983,core 5 cpu_idle start,1.2855709690775257e-07
0.0,0.018638999987160787,0.018638999987160787,core 6 cpu_idle start,7.960716894516373e-06
0.0,0.0006880000000819564,0.0006880000000819564,core 7 cpu_idle start,2.9384480003500357e-07
