Start Time (Seconds),End Time (Seconds),Duration (Seconds),Component,Energy Consumption (Joule)
0,113.369,113.369,screen dark,0.0483518785
0,113.369,113.369,wifi running,0.0483518785
0.0,0.05727899997145869,0.05727899997145869,core 0 cpu_idle start,2.4429493487827133e-05
0.0,0.3290409999899566,0.3290409999899566,core 1 cpu_idle start,0.0001403359864957165
0.0,0.03935099998489022,0.03935099998489022,core 2 cpu_idle start,1.678320149355568e-05
0.0,0.009504999994533136,0.009504999994533136,core 3 cpu_idle start,4.0538824976683825e-06
0.0,0.0001889999839477241,0.0001889999839477241,core 4 cpu_idle start,8.060849315370434e-08
0.0,0.0015499999863095582,0.0015499999863095582,core 5 cpu_idle start,6.610749941610266e-07
0.0,0.00016099997446872294,0.00016099997446872294,core 6 cpu_idle start,6.866648911091034e-08
0.0,0.014097999985096976,0.014097999985096976,core 7 cpu_idle start,6.012796993643861e-06
