Start Time (Seconds),End Time (Seconds),Duration (Seconds),Component,Energy Consumption (Joule)
0,112.899,112.899,screen dark,0.0481627134
0,112.899,112.899,wifi running,0.0481627134
0.0,0.2252629999711644,0.2252629999711644,core 0 cpu_idle start,9.609719578769873e-05
0.0,0.0001039999770000577,0.0001039999770000577,core 1 cpu_idle start,4.436639018822462e-08
0.0,0.007471999968402088,0.007471999968402088,core 2 cpu_idle start,3.1875551865203307e-06
0.0,0.0002809999859891832,0.0002809999859891832,core 3 cpu_idle start,1.1987459402298555e-07
0.0,0.0026169999910052866,0.0026169999910052866,core 4 cpu_idle start,1.1164121961628552e-06
0.0,0.0011759999906644225,0.0011759999906644225,core 5 cpu_idle start,5.016815960174427e-07
0.0,0.0031119999766815454,0.0031119999766815454,core 6 cpu_idle start,1.3275791900523474e-06
0.0,0.01228999998420477,0.01228999998420477,core 7 cpu_idle start,5.242913993261755e-06
